{"chunk_idx": 30, "last_chunk_idx": 30, "chunks_processed": 31, "events_in_chunk": 708, "total_events_so_far": 17848, "timestamp": "2025-08-26T02:16:02.356189", "processing_rate": 0.14523464822538282}