{"chunk_idx": 191, "last_chunk_idx": 191, "chunks_processed": 192, "events_in_chunk": 608, "total_events_so_far": 18589434, "timestamp": "2025-08-26T05:00:26.023304", "processing_rate": 0.019053072607604627}