{"chunk_idx": 67, "last_chunk_idx": 67, "chunks_processed": 68, "events_in_chunk": 79807, "total_events_so_far": 116500, "timestamp": "2025-08-26T02:20:56.748239", "processing_rate": 0.13390050862134745}