{"chunk_idx": 103, "last_chunk_idx": 103, "chunks_processed": 104, "events_in_chunk": 327340, "total_events_so_far": 8413435, "timestamp": "2025-08-26T03:09:02.298297", "processing_rate": 0.030647820010281993}