{"chunk_idx": 210, "last_chunk_idx": 210, "chunks_processed": 211, "events_in_chunk": 665, "total_events_so_far": 18598930, "timestamp": "2025-08-26T05:22:10.407254", "processing_rate": 0.01853885895149357}