{"chunk_idx": 56, "last_chunk_idx": 56, "chunks_processed": 57, "events_in_chunk": 431, "total_events_so_far": 31805, "timestamp": "2025-08-26T02:19:04.490125", "processing_rate": 0.14409162598387903}