{"chunk_idx": 37, "last_chunk_idx": 37, "chunks_processed": 38, "events_in_chunk": 590, "total_events_so_far": 21952, "timestamp": "2025-08-26T02:16:51.689393", "processing_rate": 0.1446071661807599}