{"chunk_idx": 165, "last_chunk_idx": 165, "chunks_processed": 166, "events_in_chunk": 588, "total_events_so_far": 18576086, "timestamp": "2025-08-26T04:37:51.542680", "processing_rate": 0.019030948286161812}