{"chunk_idx": 184, "last_chunk_idx": 184, "chunks_processed": 185, "events_in_chunk": 558, "total_events_so_far": 18585863, "timestamp": "2025-08-26T04:53:26.783888", "processing_rate": 0.019155351727469804}