{"chunk_idx": 121, "last_chunk_idx": 121, "chunks_processed": 122, "events_in_chunk": 64220, "total_events_so_far": 12138852, "timestamp": "2025-08-26T03:35:09.301635", "processing_rate": 0.024594824769969346}