{"chunk_idx": 35, "last_chunk_idx": 35, "chunks_processed": 36, "events_in_chunk": 593, "total_events_so_far": 20698, "timestamp": "2025-08-26T02:16:37.385813", "processing_rate": 0.14488244422948565}