{"chunk_idx": 39, "last_chunk_idx": 39, "chunks_processed": 40, "events_in_chunk": 463, "total_events_so_far": 22869, "timestamp": "2025-08-26T02:17:05.421287", "processing_rate": 0.14465877131206606}