{"chunk_idx": 26, "last_chunk_idx": 26, "chunks_processed": 27, "events_in_chunk": 451, "total_events_so_far": 15724, "timestamp": "2025-08-26T02:15:35.081157", "processing_rate": 0.1450266673592322}