{"chunk_idx": 188, "last_chunk_idx": 188, "chunks_processed": 189, "events_in_chunk": 625, "total_events_so_far": 18587934, "timestamp": "2025-08-26T04:54:56.130958", "processing_rate": 0.019390139175912428}