{"chunk_idx": 150, "last_chunk_idx": 150, "chunks_processed": 151, "events_in_chunk": 30550, "total_events_so_far": 18567966, "timestamp": "2025-08-26T04:27:58.723545", "processing_rate": 0.018573608252586492}