{"chunk_idx": 116, "last_chunk_idx": 116, "chunks_processed": 117, "events_in_chunk": 260420, "total_events_so_far": 11191229, "timestamp": "2025-08-26T03:26:52.132995", "processing_rate": 0.026214231419526512}