{"chunk_idx": 94, "last_chunk_idx": 94, "chunks_processed": 95, "events_in_chunk": 237459, "total_events_so_far": 6307549, "timestamp": "2025-08-26T02:56:14.749213", "processing_rate": 0.036178889049766426}