{"chunk_idx": 34, "last_chunk_idx": 34, "chunks_processed": 35, "events_in_chunk": 467, "total_events_so_far": 20105, "timestamp": "2025-08-26T02:16:30.047173", "processing_rate": 0.14514470036968866}