{"chunk_idx": 167, "last_chunk_idx": 167, "chunks_processed": 168, "events_in_chunk": 472, "total_events_so_far": 18576974, "timestamp": "2025-08-26T04:38:40.001007", "processing_rate": 0.01915382831104365}