{"chunk_idx": 139, "last_chunk_idx": 139, "chunks_processed": 140, "events_in_chunk": 121199, "total_events_so_far": 16030618, "timestamp": "2025-08-26T04:01:54.017311", "processing_rate": 0.02132485596491347}