{"chunk_idx": 207, "last_chunk_idx": 207, "chunks_processed": 208, "events_in_chunk": 608, "total_events_so_far": 18597348, "timestamp": "2025-08-26T05:13:06.603425", "processing_rate": 0.019192273033847698}