{"chunk_idx": 79, "last_chunk_idx": 79, "chunks_processed": 80, "events_in_chunk": 382032, "total_events_so_far": 2898605, "timestamp": "2025-08-26T02:35:20.031708", "processing_rate": 0.05834632451903421}