{"chunk_idx": 122, "last_chunk_idx": 122, "chunks_processed": 123, "events_in_chunk": 248232, "total_events_so_far": 12387084, "timestamp": "2025-08-26T03:36:21.132567", "processing_rate": 0.02444247280869508}