{"chunk_idx": 31, "last_chunk_idx": 31, "chunks_processed": 32, "events_in_chunk": 604, "total_events_so_far": 18452, "timestamp": "2025-08-26T02:16:09.033717", "processing_rate": 0.14537180447473685}