{"chunk_idx": 145, "last_chunk_idx": 145, "chunks_processed": 146, "events_in_chunk": 407705, "total_events_so_far": 17777089, "timestamp": "2025-08-26T04:15:46.860295", "processing_rate": 0.019735192108043812}