{"chunk_idx": 24, "last_chunk_idx": 24, "chunks_processed": 25, "events_in_chunk": 680, "total_events_so_far": 14707, "timestamp": "2025-08-26T02:15:21.087185", "processing_rate": 0.1451979957487779}