{"chunk_idx": 172, "last_chunk_idx": 172, "chunks_processed": 173, "events_in_chunk": 254, "total_events_so_far": 18579664, "timestamp": "2025-08-26T04:44:51.664660", "processing_rate": 0.018922083992400862}