{"chunk_idx": 32, "last_chunk_idx": 32, "chunks_processed": 33, "events_in_chunk": 602, "total_events_so_far": 19054, "timestamp": "2025-08-26T02:16:16.445343", "processing_rate": 0.14503145832949438}