{"chunk_idx": 146, "last_chunk_idx": 146, "chunks_processed": 147, "events_in_chunk": 132881, "total_events_so_far": 17909970, "timestamp": "2025-08-26T04:17:08.719856", "processing_rate": 0.019652902035116097}