{"chunk_idx": 96, "last_chunk_idx": 96, "chunks_processed": 97, "events_in_chunk": 296573, "total_events_so_far": 6865998, "timestamp": "2025-08-26T02:58:52.484287", "processing_rate": 0.03484726377606119}