{"chunk_idx": 2, "last_chunk_idx": 2, "chunks_processed": 3, "events_in_chunk": 662, "total_events_so_far": 1848, "timestamp": "2025-08-26T02:12:50.835366", "processing_rate": 0.13681845194194073}