{"chunk_idx": 154, "last_chunk_idx": 154, "chunks_processed": 155, "events_in_chunk": 903, "total_events_so_far": 18570494, "timestamp": "2025-08-26T04:29:26.284984", "processing_rate": 0.0188624678811861}