{"chunk_idx": 65, "last_chunk_idx": 65, "chunks_processed": 66, "events_in_chunk": 398, "total_events_so_far": 36260, "timestamp": "2025-08-26T02:20:08.062282", "processing_rate": 0.14374269155254138}