{"chunk_idx": 171, "last_chunk_idx": 171, "chunks_processed": 172, "events_in_chunk": 662, "total_events_so_far": 18579410, "timestamp": "2025-08-26T04:44:31.268626", "processing_rate": 0.01885476976479404}