{"chunk_idx": 211, "last_chunk_idx": 211, "chunks_processed": 212, "events_in_chunk": 257, "total_events_so_far": 18599187, "timestamp": "2025-08-26T05:22:31.658383", "processing_rate": 0.01859200650824645}