{"chunk_idx": 193, "last_chunk_idx": 193, "chunks_processed": 194, "events_in_chunk": 627, "total_events_so_far": 18590549, "timestamp": "2025-08-26T05:01:10.368042", "processing_rate": 0.01916719612101434}