{"chunk_idx": 217, "last_chunk_idx": 217, "chunks_processed": 218, "events_in_chunk": 257, "total_events_so_far": 18602831, "timestamp": "2025-08-26T05:28:03.182446", "processing_rate": 0.018578056086113896}