{"chunk_idx": 192, "last_chunk_idx": 192, "chunks_processed": 193, "events_in_chunk": 488, "total_events_so_far": 18589922, "timestamp": "2025-08-26T05:00:48.029738", "processing_rate": 0.019110573630124635}