{"chunk_idx": 142, "last_chunk_idx": 142, "chunks_processed": 143, "events_in_chunk": 167571, "total_events_so_far": 16768656, "timestamp": "2025-08-26T04:10:46.574678", "processing_rate": 0.02014746764259417}