{"chunk_idx": 131, "last_chunk_idx": 131, "chunks_processed": 132, "events_in_chunk": 231877, "total_events_so_far": 14537680, "timestamp": "2025-08-26T03:51:27.193145", "processing_rate": 0.022228641386273312}