{"chunk_idx": 66, "last_chunk_idx": 66, "chunks_processed": 67, "events_in_chunk": 433, "total_events_so_far": 36693, "timestamp": "2025-08-26T02:20:14.961940", "processing_rate": 0.14376033820898962}