{"chunk_idx": 15, "last_chunk_idx": 15, "chunks_processed": 16, "events_in_chunk": 946, "total_events_so_far": 9526, "timestamp": "2025-08-26T02:14:18.237464", "processing_rate": 0.14634731195966225}