{"chunk_idx": 164, "last_chunk_idx": 164, "chunks_processed": 165, "events_in_chunk": 566, "total_events_so_far": 18575498, "timestamp": "2025-08-26T04:37:29.311506", "processing_rate": 0.018964638755345885}