{"chunk_idx": 8, "last_chunk_idx": 8, "chunks_processed": 9, "events_in_chunk": 693, "total_events_so_far": 4863, "timestamp": "2025-08-26T02:13:30.282326", "processing_rate": 0.14664231843558057}