{"chunk_idx": 107, "last_chunk_idx": 107, "chunks_processed": 108, "events_in_chunk": 22794, "total_events_so_far": 8983566, "timestamp": "2025-08-26T03:13:10.872666", "processing_rate": 0.02965432803183604}