{"chunk_idx": 111, "last_chunk_idx": 111, "chunks_processed": 112, "events_in_chunk": 289207, "total_events_so_far": 9899078, "timestamp": "2025-08-26T03:20:04.768833", "processing_rate": 0.02761436307328916}