{"chunk_idx": 200, "last_chunk_idx": 200, "chunks_processed": 201, "events_in_chunk": 253, "total_events_so_far": 18593967, "timestamp": "2025-08-26T05:08:03.549613", "processing_rate": 0.01907990958611802}