{"chunk_idx": 48, "last_chunk_idx": 48, "chunks_processed": 49, "events_in_chunk": 519, "total_events_so_far": 27556, "timestamp": "2025-08-26T02:18:07.932658", "processing_rate": 0.14453247311025919}