{"chunk_idx": 117, "last_chunk_idx": 117, "chunks_processed": 118, "events_in_chunk": 122317, "total_events_so_far": 11313546, "timestamp": "2025-08-26T03:27:59.791946", "processing_rate": 0.026043486077502027}