{"chunk_idx": 40, "last_chunk_idx": 40, "chunks_processed": 41, "events_in_chunk": 592, "total_events_so_far": 23461, "timestamp": "2025-08-26T02:17:12.759366", "processing_rate": 0.1444420465095264}