{"chunk_idx": 41, "last_chunk_idx": 41, "chunks_processed": 42, "events_in_chunk": 499, "total_events_so_far": 23960, "timestamp": "2025-08-26T02:17:19.358698", "processing_rate": 0.14460310385909386}