{"chunk_idx": 43, "last_chunk_idx": 43, "chunks_processed": 44, "events_in_chunk": 469, "total_events_so_far": 25055, "timestamp": "2025-08-26T02:17:33.205465", "processing_rate": 0.1445955936254428}