{"chunk_idx": 78, "last_chunk_idx": 78, "chunks_processed": 79, "events_in_chunk": 94809, "total_events_so_far": 2516573, "timestamp": "2025-08-26T02:33:53.411912", "processing_rate": 0.061502366650675294}