{"chunk_idx": 61, "last_chunk_idx": 61, "chunks_processed": 62, "events_in_chunk": 451, "total_events_so_far": 33863, "timestamp": "2025-08-26T02:19:39.733801", "processing_rate": 0.143909840426463}