{"chunk_idx": 52, "last_chunk_idx": 52, "chunks_processed": 53, "events_in_chunk": 445, "total_events_so_far": 29528, "timestamp": "2025-08-26T02:18:36.852091", "processing_rate": 0.1440438192613988}