{"chunk_idx": 204, "last_chunk_idx": 204, "chunks_processed": 205, "events_in_chunk": 681, "total_events_so_far": 18595937, "timestamp": "2025-08-26T05:09:40.936077", "processing_rate": 0.01928136458954689}