{"chunk_idx": 21, "last_chunk_idx": 21, "chunks_processed": 22, "events_in_chunk": 589, "total_events_so_far": 12890, "timestamp": "2025-08-26T02:14:59.691955", "processing_rate": 0.14590460309098638}