{"chunk_idx": 80, "last_chunk_idx": 80, "chunks_processed": 81, "events_in_chunk": 356110, "total_events_so_far": 3254715, "timestamp": "2025-08-26T02:37:22.074364", "processing_rate": 0.05424715480947397}