{"chunk_idx": 177, "last_chunk_idx": 177, "chunks_processed": 178, "events_in_chunk": 593, "total_events_so_far": 18582337, "timestamp": "2025-08-26T04:46:43.036740", "processing_rate": 0.01923465888753593}