{"chunk_idx": 166, "last_chunk_idx": 166, "chunks_processed": 167, "events_in_chunk": 416, "total_events_so_far": 18576502, "timestamp": "2025-08-26T04:38:15.267289", "processing_rate": 0.019093659884096927}