{"chunk_idx": 106, "last_chunk_idx": 106, "chunks_processed": 107, "events_in_chunk": 25050, "total_events_so_far": 8960772, "timestamp": "2025-08-26T03:12:31.755010", "processing_rate": 0.029698739511935468}