{"chunk_idx": 45, "last_chunk_idx": 45, "chunks_processed": 46, "events_in_chunk": 316, "total_events_so_far": 25784, "timestamp": "2025-08-26T02:17:46.812001", "processing_rate": 0.14469799794091112}