{"chunk_idx": 47, "last_chunk_idx": 47, "chunks_processed": 48, "events_in_chunk": 499, "total_events_so_far": 27037, "timestamp": "2025-08-26T02:18:00.891114", "processing_rate": 0.14458588483239782}