{"chunk_idx": 36, "last_chunk_idx": 36, "chunks_processed": 37, "events_in_chunk": 664, "total_events_so_far": 21362, "timestamp": "2025-08-26T02:16:44.502878", "processing_rate": 0.14476061754688038}