{"chunk_idx": 58, "last_chunk_idx": 58, "chunks_processed": 59, "events_in_chunk": 401, "total_events_so_far": 32549, "timestamp": "2025-08-26T02:19:18.556150", "processing_rate": 0.1440262134108457}