{"chunk_idx": 135, "last_chunk_idx": 135, "chunks_processed": 136, "events_in_chunk": 65861, "total_events_so_far": 15208180, "timestamp": "2025-08-26T03:56:16.757294", "processing_rate": 0.02183739592747504}