{"chunk_idx": 151, "last_chunk_idx": 151, "chunks_processed": 152, "events_in_chunk": 572, "total_events_so_far": 18568538, "timestamp": "2025-08-26T04:28:20.779097", "processing_rate": 0.01864602708709086}