{"chunk_idx": 77, "last_chunk_idx": 77, "chunks_processed": 78, "events_in_chunk": 137487, "total_events_so_far": 2421764, "timestamp": "2025-08-26T02:32:59.476234", "processing_rate": 0.06338537699940808}