{"chunk_idx": 27, "last_chunk_idx": 27, "chunks_processed": 28, "events_in_chunk": 560, "total_events_so_far": 16284, "timestamp": "2025-08-26T02:15:41.942250", "processing_rate": 0.14505235640373057}