{"chunk_idx": 125, "last_chunk_idx": 125, "chunks_processed": 126, "events_in_chunk": 173184, "total_events_so_far": 13007042, "timestamp": "2025-08-26T03:40:12.168485", "processing_rate": 0.023939535604501693}