{"chunk_idx": 173, "last_chunk_idx": 173, "chunks_processed": 174, "events_in_chunk": 365, "total_events_so_far": 18580029, "timestamp": "2025-08-26T04:45:12.945047", "processing_rate": 0.018987266046572093}