{"chunk_idx": 70, "last_chunk_idx": 70, "chunks_processed": 71, "events_in_chunk": 231366, "total_events_so_far": 908886, "timestamp": "2025-08-26T02:24:50.286951", "processing_rate": 0.09576755220537124}