{"chunk_idx": 183, "last_chunk_idx": 183, "chunks_processed": 184, "events_in_chunk": 542, "total_events_so_far": 18585305, "timestamp": "2025-08-26T04:53:03.993420", "processing_rate": 0.019096873714129818}