{"chunk_idx": 109, "last_chunk_idx": 109, "chunks_processed": 110, "events_in_chunk": 82892, "total_events_so_far": 9360273, "timestamp": "2025-08-26T03:15:38.121872", "processing_rate": 0.02902977190342502}