{"chunk_idx": 1, "last_chunk_idx": 1, "chunks_processed": 2, "events_in_chunk": 687, "total_events_so_far": 1186, "timestamp": "2025-08-26T02:12:44.461626", "processing_rate": 0.12859152966994628}