{"chunk_idx": 160, "last_chunk_idx": 160, "chunks_processed": 161, "events_in_chunk": 498, "total_events_so_far": 18573744, "timestamp": "2025-08-26T04:36:00.801863", "processing_rate": 0.018695075894641963}