{"chunk_idx": 59, "last_chunk_idx": 59, "chunks_processed": 60, "events_in_chunk": 387, "total_events_so_far": 32936, "timestamp": "2025-08-26T02:19:25.458141", "processing_rate": 0.1440404560465602}