{"chunk_idx": 214, "last_chunk_idx": 214, "chunks_processed": 215, "events_in_chunk": 647, "total_events_so_far": 18601143, "timestamp": "2025-08-26T05:25:23.544735", "processing_rate": 0.018575097752720125}