{"chunk_idx": 201, "last_chunk_idx": 201, "chunks_processed": 202, "events_in_chunk": 522, "total_events_so_far": 18594489, "timestamp": "2025-08-26T05:08:28.470190", "processing_rate": 0.019129581881347484}