{"chunk_idx": 55, "last_chunk_idx": 55, "chunks_processed": 56, "events_in_chunk": 702, "total_events_so_far": 31374, "timestamp": "2025-08-26T02:18:57.542889", "processing_rate": 0.14409429861805023}