{"chunk_idx": 60, "last_chunk_idx": 60, "chunks_processed": 61, "events_in_chunk": 476, "total_events_so_far": 33412, "timestamp": "2025-08-26T02:19:33.009263", "processing_rate": 0.14383374229148121}