{"chunk_idx": 205, "last_chunk_idx": 205, "chunks_processed": 206, "events_in_chunk": 260, "total_events_so_far": 18596197, "timestamp": "2025-08-26T05:10:55.699260", "processing_rate": 0.01924012569547719}