{"chunk_idx": 113, "last_chunk_idx": 113, "chunks_processed": 114, "events_in_chunk": 426427, "total_events_so_far": 10504993, "timestamp": "2025-08-26T03:22:59.804025", "processing_rate": 0.026944650159414187}