{"chunk_idx": 129, "last_chunk_idx": 129, "chunks_processed": 130, "events_in_chunk": 430674, "total_events_so_far": 14004429, "timestamp": "2025-08-26T03:45:30.366248", "processing_rate": 0.023291406242656687}