{"chunk_idx": 42, "last_chunk_idx": 42, "chunks_processed": 43, "events_in_chunk": 626, "total_events_so_far": 24586, "timestamp": "2025-08-26T02:17:26.324234", "processing_rate": 0.14457876765396394}