{"chunk_idx": 33, "last_chunk_idx": 33, "chunks_processed": 34, "events_in_chunk": 584, "total_events_so_far": 19638, "timestamp": "2025-08-26T02:16:22.913948", "processing_rate": 0.1452957630439719}