{"chunk_idx": 83, "last_chunk_idx": 83, "chunks_processed": 84, "events_in_chunk": 175153, "total_events_so_far": 3893060, "timestamp": "2025-08-26T02:41:29.587120", "processing_rate": 0.04825704107373789}