{"chunk_idx": 189, "last_chunk_idx": 189, "chunks_processed": 190, "events_in_chunk": 508, "total_events_so_far": 18588442, "timestamp": "2025-08-26T04:55:19.623097", "processing_rate": 0.01944586530826925}