{"chunk_idx": 105, "last_chunk_idx": 105, "chunks_processed": 106, "events_in_chunk": 127652, "total_events_so_far": 8935722, "timestamp": "2025-08-26T03:11:52.179504", "processing_rate": 0.0297479477899317}