{"chunk_idx": 5, "last_chunk_idx": 5, "chunks_processed": 6, "events_in_chunk": 644, "total_events_so_far": 3297, "timestamp": "2025-08-26T02:13:10.511723", "processing_rate": 0.14421959951531424}