{"chunk_idx": 186, "last_chunk_idx": 186, "chunks_processed": 187, "events_in_chunk": 388, "total_events_so_far": 18586634, "timestamp": "2025-08-26T04:54:12.230696", "processing_rate": 0.01927175004834493}