{"chunk_idx": 130, "last_chunk_idx": 130, "chunks_processed": 131, "events_in_chunk": 301374, "total_events_so_far": 14305803, "timestamp": "2025-08-26T03:50:01.460833", "processing_rate": 0.02238339657086553}