{"chunk_idx": 149, "last_chunk_idx": 149, "chunks_processed": 150, "events_in_chunk": 168745, "total_events_so_far": 18537416, "timestamp": "2025-08-26T04:22:04.819688", "processing_rate": 0.019290343760057976}