{"chunk_idx": 13, "last_chunk_idx": 13, "chunks_processed": 14, "events_in_chunk": 471, "total_events_so_far": 7939, "timestamp": "2025-08-26T02:14:04.301958", "processing_rate": 0.14676058940205366}