{"chunk_idx": 90, "last_chunk_idx": 90, "chunks_processed": 91, "events_in_chunk": 244395, "total_events_so_far": 5651605, "timestamp": "2025-08-26T02:51:48.055596", "processing_rate": 0.03857326224853648}