{"chunk_idx": 203, "last_chunk_idx": 203, "chunks_processed": 204, "events_in_chunk": 275, "total_events_so_far": 18595256, "timestamp": "2025-08-26T05:09:15.749705", "processing_rate": 0.019232870188167946}