{"chunk_idx": 68, "last_chunk_idx": 68, "chunks_processed": 69, "events_in_chunk": 299453, "total_events_so_far": 415953, "timestamp": "2025-08-26T02:22:06.824925", "processing_rate": 0.11939442544362758}