{"chunk_idx": 179, "last_chunk_idx": 179, "chunks_processed": 180, "events_in_chunk": 473, "total_events_so_far": 18583180, "timestamp": "2025-08-26T04:47:29.046339", "processing_rate": 0.019354551848000074}