{"chunk_idx": 44, "last_chunk_idx": 44, "chunks_processed": 45, "events_in_chunk": 413, "total_events_so_far": 25468, "timestamp": "2025-08-26T02:17:40.370606", "processing_rate": 0.14447985528462126}