{"chunk_idx": 92, "last_chunk_idx": 92, "chunks_processed": 93, "events_in_chunk": 72838, "total_events_so_far": 5807559, "timestamp": "2025-08-26T02:53:40.042454", "processing_rate": 0.03763454416377035}