{"chunk_idx": 72, "last_chunk_idx": 72, "chunks_processed": 73, "events_in_chunk": 90181, "total_events_so_far": 1274674, "timestamp": "2025-08-26T02:27:04.266288", "processing_rate": 0.08339447089639039}