{"chunk_idx": 199, "last_chunk_idx": 199, "chunks_processed": 200, "events_in_chunk": 428, "total_events_so_far": 18593714, "timestamp": "2025-08-26T05:03:19.440607", "processing_rate": 0.019511182245554252}