{"chunk_idx": 88, "last_chunk_idx": 88, "chunks_processed": 89, "events_in_chunk": 242638, "total_events_so_far": 5188509, "timestamp": "2025-08-26T02:48:06.826218", "processing_rate": 0.0416292914015835}