{"chunk_idx": 86, "last_chunk_idx": 86, "chunks_processed": 87, "events_in_chunk": 146022, "total_events_so_far": 4578854, "timestamp": "2025-08-26T02:45:13.519540", "processing_rate": 0.04428357469218992}