{"chunk_idx": 144, "last_chunk_idx": 144, "chunks_processed": 145, "events_in_chunk": 210636, "total_events_so_far": 17369384, "timestamp": "2025-08-26T04:14:05.985908", "processing_rate": 0.01987096910073422}