{"chunk_idx": 93, "last_chunk_idx": 93, "chunks_processed": 94, "events_in_chunk": 262531, "total_events_so_far": 6070090, "timestamp": "2025-08-26T02:54:49.982667", "processing_rate": 0.036992229941810124}