{"chunk_idx": 69, "last_chunk_idx": 69, "chunks_processed": 70, "events_in_chunk": 261567, "total_events_so_far": 677520, "timestamp": "2025-08-26T02:23:28.137109", "processing_rate": 0.10618471058233214}