{"chunk_idx": 73, "last_chunk_idx": 73, "chunks_processed": 74, "events_in_chunk": 256154, "total_events_so_far": 1530828, "timestamp": "2025-08-26T02:28:17.196928", "processing_rate": 0.07803532906715406}