{"chunk_idx": 97, "last_chunk_idx": 97, "chunks_processed": 98, "events_in_chunk": 69879, "total_events_so_far": 6935877, "timestamp": "2025-08-26T02:59:56.783653", "processing_rate": 0.034411620817045054}