{"chunk_idx": 194, "last_chunk_idx": 194, "chunks_processed": 195, "events_in_chunk": 773, "total_events_so_far": 18591322, "timestamp": "2025-08-26T05:01:31.989566", "processing_rate": 0.01922492768731146}