{"chunk_idx": 124, "last_chunk_idx": 124, "chunks_processed": 125, "events_in_chunk": 325415, "total_events_so_far": 12833858, "timestamp": "2025-08-26T03:38:48.328296", "processing_rate": 0.024133977318452488}