{"chunk_idx": 75, "last_chunk_idx": 75, "chunks_processed": 76, "events_in_chunk": 165813, "total_events_so_far": 1969612, "timestamp": "2025-08-26T02:30:42.271408", "processing_rate": 0.06951031461747348}