{"chunk_idx": 206, "last_chunk_idx": 206, "chunks_processed": 207, "events_in_chunk": 543, "total_events_so_far": 18596740, "timestamp": "2025-08-26T05:12:04.980832", "processing_rate": 0.01920922518359885}