{"chunk_idx": 87, "last_chunk_idx": 87, "chunks_processed": 88, "events_in_chunk": 367017, "total_events_so_far": 4945871, "timestamp": "2025-08-26T02:46:39.931997", "processing_rate": 0.04290540787444534}