{"chunk_idx": 91, "last_chunk_idx": 91, "chunks_processed": 92, "events_in_chunk": 83116, "total_events_so_far": 5734721, "timestamp": "2025-08-26T02:52:55.665941", "processing_rate": 0.037910669693655745}