{"chunk_idx": 168, "last_chunk_idx": 168, "chunks_processed": 169, "events_in_chunk": 508, "total_events_so_far": 18577482, "timestamp": "2025-08-26T04:39:05.316436", "processing_rate": 0.01921238774610842}