{"chunk_idx": 29, "last_chunk_idx": 29, "chunks_processed": 30, "events_in_chunk": 318, "total_events_so_far": 17140, "timestamp": "2025-08-26T02:15:55.645747", "processing_rate": 0.14511173075959008}