{"chunk_idx": 74, "last_chunk_idx": 74, "chunks_processed": 75, "events_in_chunk": 272971, "total_events_so_far": 1803799, "timestamp": "2025-08-26T02:29:35.528897", "processing_rate": 0.07305524008143487}