{"chunk_idx": 50, "last_chunk_idx": 50, "chunks_processed": 51, "events_in_chunk": 561, "total_events_so_far": 28714, "timestamp": "2025-08-26T02:18:23.117682", "processing_rate": 0.14398271699371692}