{"chunk_idx": 51, "last_chunk_idx": 51, "chunks_processed": 52, "events_in_chunk": 369, "total_events_so_far": 29083, "timestamp": "2025-08-26T02:18:30.109165", "processing_rate": 0.1439642975198215}