{"chunk_idx": 102, "last_chunk_idx": 102, "chunks_processed": 103, "events_in_chunk": 132943, "total_events_so_far": 8086095, "timestamp": "2025-08-26T03:07:39.741338", "processing_rate": 0.031109997055798116}