{"chunk_idx": 54, "last_chunk_idx": 54, "chunks_processed": 55, "events_in_chunk": 500, "total_events_so_far": 30672, "timestamp": "2025-08-26T02:18:50.446948", "processing_rate": 0.14415323052523357}