{"chunk_idx": 123, "last_chunk_idx": 123, "chunks_processed": 124, "events_in_chunk": 121359, "total_events_so_far": 12508443, "timestamp": "2025-08-26T03:37:28.252741", "processing_rate": 0.024316852136944983}