{"chunk_idx": 108, "last_chunk_idx": 108, "chunks_processed": 109, "events_in_chunk": 293815, "total_events_so_far": 9277381, "timestamp": "2025-08-26T03:14:33.729857", "processing_rate": 0.02926314834724111}