{"chunk_idx": 63, "last_chunk_idx": 63, "chunks_processed": 64, "events_in_chunk": 656, "total_events_so_far": 35118, "timestamp": "2025-08-26T02:19:53.643915", "processing_rate": 0.14390578691686556}