{"chunk_idx": 118, "last_chunk_idx": 118, "chunks_processed": 119, "events_in_chunk": 247654, "total_events_so_far": 11561200, "timestamp": "2025-08-26T03:29:16.474054", "processing_rate": 0.025827087749163133}