{"chunk_idx": 112, "last_chunk_idx": 112, "chunks_processed": 113, "events_in_chunk": 179488, "total_events_so_far": 10078566, "timestamp": "2025-08-26T03:21:22.444034", "processing_rate": 0.027337372313907333}