{"chunk_idx": 126, "last_chunk_idx": 126, "chunks_processed": 127, "events_in_chunk": 174639, "total_events_so_far": 13181681, "timestamp": "2025-08-26T03:41:33.418242", "processing_rate": 0.023762703407539398}