{"chunk_idx": 76, "last_chunk_idx": 76, "chunks_processed": 77, "events_in_chunk": 314665, "total_events_so_far": 2284277, "timestamp": "2025-08-26T02:31:56.965885", "processing_rate": 0.06592141846872335}