{"chunk_idx": 57, "last_chunk_idx": 57, "chunks_processed": 58, "events_in_chunk": 343, "total_events_so_far": 32148, "timestamp": "2025-08-26T02:19:11.828880", "processing_rate": 0.1439490342273853}