{"chunk_idx": 178, "last_chunk_idx": 178, "chunks_processed": 179, "events_in_chunk": 370, "total_events_so_far": 18582707, "timestamp": "2025-08-26T04:47:06.815559", "processing_rate": 0.019293144324942037}