{"chunk_idx": 104, "last_chunk_idx": 104, "chunks_processed": 105, "events_in_chunk": 394635, "total_events_so_far": 8808070, "timestamp": "2025-08-26T03:10:39.407670", "processing_rate": 0.030081657310957754}