{"chunk_idx": 98, "last_chunk_idx": 98, "chunks_processed": 99, "events_in_chunk": 334921, "total_events_so_far": 7270798, "timestamp": "2025-08-26T03:01:22.060714", "processing_rate": 0.03375208396093296}