{"chunk_idx": 136, "last_chunk_idx": 136, "chunks_processed": 137, "events_in_chunk": 43371, "total_events_so_far": 15251551, "timestamp": "2025-08-26T03:57:18.622954", "processing_rate": 0.02178159294139937}