{"chunk_idx": 132, "last_chunk_idx": 132, "chunks_processed": 133, "events_in_chunk": 303225, "total_events_so_far": 14840905, "timestamp": "2025-08-26T03:52:51.512635", "processing_rate": 0.02208347035373709}