{"chunk_idx": 64, "last_chunk_idx": 64, "chunks_processed": 65, "events_in_chunk": 744, "total_events_so_far": 35862, "timestamp": "2025-08-26T02:20:01.003531", "processing_rate": 0.14377508263812783}