{"chunk_idx": 159, "last_chunk_idx": 159, "chunks_processed": 160, "events_in_chunk": 399, "total_events_so_far": 18573246, "timestamp": "2025-08-26T04:31:18.410708", "processing_rate": 0.019208830974887636}