{"chunk_idx": 176, "last_chunk_idx": 176, "chunks_processed": 177, "events_in_chunk": 726, "total_events_so_far": 18581744, "timestamp": "2025-08-26T04:46:20.529923", "processing_rate": 0.01917322991356476}