{"chunk_idx": 169, "last_chunk_idx": 169, "chunks_processed": 170, "events_in_chunk": 586, "total_events_so_far": 18578068, "timestamp": "2025-08-26T04:39:29.450701", "processing_rate": 0.01927319161834454}