{"chunk_idx": 28, "last_chunk_idx": 28, "chunks_processed": 29, "events_in_chunk": 538, "total_events_so_far": 16822, "timestamp": "2025-08-26T02:15:48.989946", "processing_rate": 0.14494097642630088}