{"chunk_idx": 134, "last_chunk_idx": 134, "chunks_processed": 135, "events_in_chunk": 210435, "total_events_so_far": 15142319, "timestamp": "2025-08-26T03:55:22.580249", "processing_rate": 0.021867051782807644}