{"chunk_idx": 81, "last_chunk_idx": 81, "chunks_processed": 82, "events_in_chunk": 129095, "total_events_so_far": 3383810, "timestamp": "2025-08-26T02:38:35.207332", "processing_rate": 0.052352717192708335}