{"chunk_idx": 25, "last_chunk_idx": 25, "chunks_processed": 26, "events_in_chunk": 566, "total_events_so_far": 15273, "timestamp": "2025-08-26T02:15:28.236469", "processing_rate": 0.14498574794373847}