{"chunk_idx": 141, "last_chunk_idx": 141, "chunks_processed": 142, "events_in_chunk": 211827, "total_events_so_far": 16601085, "timestamp": "2025-08-26T04:09:19.712532", "processing_rate": 0.02025445287986872}