{"chunk_idx": 16, "last_chunk_idx": 16, "chunks_processed": 17, "events_in_chunk": 299, "total_events_so_far": 9825, "timestamp": "2025-08-26T02:14:25.015740", "processing_rate": 0.14641636237629801}