{"chunk_idx": 133, "last_chunk_idx": 133, "chunks_processed": 134, "events_in_chunk": 90979, "total_events_so_far": 14931884, "timestamp": "2025-08-26T03:54:06.259005", "processing_rate": 0.021976758546104723}