{"chunk_idx": 175, "last_chunk_idx": 175, "chunks_processed": 176, "events_in_chunk": 365, "total_events_so_far": 18581018, "timestamp": "2025-08-26T04:45:57.178944", "processing_rate": 0.01911325271215666}