{"chunk_idx": 216, "last_chunk_idx": 216, "chunks_processed": 217, "events_in_chunk": 572, "total_events_so_far": 18602574, "timestamp": "2025-08-26T05:27:25.854160", "processing_rate": 0.0185518515918706}