{"chunk_idx": 14, "last_chunk_idx": 14, "chunks_processed": 15, "events_in_chunk": 641, "total_events_so_far": 8580, "timestamp": "2025-08-26T02:14:10.945389", "processing_rate": 0.14700566090596173}