{"chunk_idx": 10, "last_chunk_idx": 10, "chunks_processed": 11, "events_in_chunk": 748, "total_events_so_far": 6167, "timestamp": "2025-08-26T02:13:43.639786", "processing_rate": 0.14719404357999114}