{"chunk_idx": 3, "last_chunk_idx": 3, "chunks_processed": 4, "events_in_chunk": 403, "total_events_so_far": 2251, "timestamp": "2025-08-26T02:12:57.354992", "processing_rate": 0.14061487696134567}