{"chunk_idx": 190, "last_chunk_idx": 190, "chunks_processed": 191, "events_in_chunk": 384, "total_events_so_far": 18588826, "timestamp": "2025-08-26T05:00:03.168565", "processing_rate": 0.018996922582139416}