{"chunk_idx": 4, "last_chunk_idx": 4, "chunks_processed": 5, "events_in_chunk": 402, "total_events_so_far": 2653, "timestamp": "2025-08-26T02:13:03.681195", "processing_rate": 0.1437909917324801}