{"chunk_idx": 82, "last_chunk_idx": 82, "chunks_processed": 83, "events_in_chunk": 334097, "total_events_so_far": 3717907, "timestamp": "2025-08-26T02:40:02.973779", "processing_rate": 0.050179397724468784}