{"chunk_idx": 148, "last_chunk_idx": 148, "chunks_processed": 149, "events_in_chunk": 141978, "total_events_so_far": 18368671, "timestamp": "2025-08-26T04:20:18.381394", "processing_rate": 0.01942767147900091}