{"chunk_idx": 11, "last_chunk_idx": 11, "chunks_processed": 12, "events_in_chunk": 647, "total_events_so_far": 6814, "timestamp": "2025-08-26T02:13:50.643621", "processing_rate": 0.14681571387520964}