{"chunk_idx": 215, "last_chunk_idx": 215, "chunks_processed": 216, "events_in_chunk": 859, "total_events_so_far": 18602002, "timestamp": "2025-08-26T05:26:28.359106", "processing_rate": 0.018557576931008565}