{"chunk_idx": 49, "last_chunk_idx": 49, "chunks_processed": 50, "events_in_chunk": 597, "total_events_so_far": 28153, "timestamp": "2025-08-26T02:18:15.123032", "processing_rate": 0.14441912519864342}