{"chunk_idx": 196, "last_chunk_idx": 196, "chunks_processed": 197, "events_in_chunk": 858, "total_events_so_far": 18592461, "timestamp": "2025-08-26T05:02:14.191491", "processing_rate": 0.01934163244857993}