{"chunk_idx": 128, "last_chunk_idx": 128, "chunks_processed": 129, "events_in_chunk": 136311, "total_events_so_far": 13573755, "timestamp": "2025-08-26T03:43:56.619432", "processing_rate": 0.023507069054831815}