{"chunk_idx": 23, "last_chunk_idx": 23, "chunks_processed": 24, "events_in_chunk": 449, "total_events_so_far": 14027, "timestamp": "2025-08-26T02:15:14.100634", "processing_rate": 0.14528536884168913}