{"chunk_idx": 182, "last_chunk_idx": 182, "chunks_processed": 183, "events_in_chunk": 428, "total_events_so_far": 18584763, "timestamp": "2025-08-26T04:52:41.962704", "processing_rate": 0.0190366137662638}