{"chunk_idx": 147, "last_chunk_idx": 147, "chunks_processed": 148, "events_in_chunk": 316723, "total_events_so_far": 18226693, "timestamp": "2025-08-26T04:18:46.309265", "processing_rate": 0.019531763520600924}