{"chunk_idx": 213, "last_chunk_idx": 213, "chunks_processed": 214, "events_in_chunk": 560, "total_events_so_far": 18600496, "timestamp": "2025-08-26T05:24:18.429291", "processing_rate": 0.018593302354386887}