{"chunk_idx": 161, "last_chunk_idx": 161, "chunks_processed": 162, "events_in_chunk": 433, "total_events_so_far": 18574177, "timestamp": "2025-08-26T04:36:23.734298", "processing_rate": 0.01876123546751391}