{"chunk_idx": 163, "last_chunk_idx": 163, "chunks_processed": 164, "events_in_chunk": 353, "total_events_so_far": 18574932, "timestamp": "2025-08-26T04:37:07.544840", "processing_rate": 0.0188969780053456}