{"chunk_idx": 143, "last_chunk_idx": 143, "chunks_processed": 144, "events_in_chunk": 390092, "total_events_so_far": 17158748, "timestamp": "2025-08-26T04:12:37.741352", "processing_rate": 0.01997549430994872}