{"chunk_idx": 0, "last_chunk_idx": 0, "chunks_processed": 1, "events_in_chunk": 499, "total_events_so_far": 499, "timestamp": "2025-08-26T02:12:37.766053", "processing_rate": 0.11289798263989594}