{"chunk_idx": 195, "last_chunk_idx": 195, "chunks_processed": 196, "events_in_chunk": 281, "total_events_so_far": 18591603, "timestamp": "2025-08-26T05:01:52.841751", "processing_rate": 0.019283873199477802}