{"chunk_idx": 119, "last_chunk_idx": 119, "chunks_processed": 120, "events_in_chunk": 240533, "total_events_so_far": 11801733, "timestamp": "2025-08-26T03:30:41.481138", "processing_rate": 0.02557232655267302}