{"chunk_idx": 17, "last_chunk_idx": 17, "chunks_processed": 18, "events_in_chunk": 432, "total_events_so_far": 10257, "timestamp": "2025-08-26T02:14:31.508829", "processing_rate": 0.14681852571828347}