{"chunk_idx": 19, "last_chunk_idx": 19, "chunks_processed": 20, "events_in_chunk": 575, "total_events_so_far": 11739, "timestamp": "2025-08-26T02:14:45.616964", "processing_rate": 0.14629672072601416}