{"chunk_idx": 85, "last_chunk_idx": 85, "chunks_processed": 86, "events_in_chunk": 306926, "total_events_so_far": 4432832, "timestamp": "2025-08-26T02:44:06.221544", "processing_rate": 0.045327258799984775}