{"chunk_idx": 202, "last_chunk_idx": 202, "chunks_processed": 203, "events_in_chunk": 492, "total_events_so_far": 18594981, "timestamp": "2025-08-26T05:08:50.259278", "processing_rate": 0.019184696181459557}