{"chunk_idx": 110, "last_chunk_idx": 110, "chunks_processed": 111, "events_in_chunk": 249598, "total_events_so_far": 9609871, "timestamp": "2025-08-26T03:18:36.966606", "processing_rate": 0.027973380648571522}