{"chunk_idx": 137, "last_chunk_idx": 137, "chunks_processed": 138, "events_in_chunk": 244183, "total_events_so_far": 15495734, "timestamp": "2025-08-26T03:58:46.438957", "processing_rate": 0.021638469739028787}