{"chunk_idx": 18, "last_chunk_idx": 18, "chunks_processed": 19, "events_in_chunk": 907, "total_events_so_far": 11164, "timestamp": "2025-08-26T02:14:38.636905", "processing_rate": 0.14645982432729476}