{"chunk_idx": 53, "last_chunk_idx": 53, "chunks_processed": 54, "events_in_chunk": 644, "total_events_so_far": 30172, "timestamp": "2025-08-26T02:18:43.837604", "processing_rate": 0.1440272295437233}