{"chunk_idx": 9, "last_chunk_idx": 9, "chunks_processed": 10, "events_in_chunk": 556, "total_events_so_far": 5419, "timestamp": "2025-08-26T02:13:37.113142", "processing_rate": 0.14661758230371688}