{"chunk_idx": 170, "last_chunk_idx": 170, "chunks_processed": 171, "events_in_chunk": 680, "total_events_so_far": 18578748, "timestamp": "2025-08-26T04:44:10.246081", "processing_rate": 0.018788447143708756}