{"chunk_idx": 185, "last_chunk_idx": 185, "chunks_processed": 186, "events_in_chunk": 383, "total_events_so_far": 18586246, "timestamp": "2025-08-26T04:53:49.939703", "processing_rate": 0.019212829309235343}