{"chunk_idx": 158, "last_chunk_idx": 158, "chunks_processed": 159, "events_in_chunk": 734, "total_events_so_far": 18572847, "timestamp": "2025-08-26T04:30:55.704577", "processing_rate": 0.019140953807689202}