{"chunk_idx": 22, "last_chunk_idx": 22, "chunks_processed": 23, "events_in_chunk": 688, "total_events_so_far": 13578, "timestamp": "2025-08-26T02:15:06.991896", "processing_rate": 0.1454928267410906}