{"chunk_idx": 187, "last_chunk_idx": 187, "chunks_processed": 188, "events_in_chunk": 675, "total_events_so_far": 18587309, "timestamp": "2025-08-26T04:54:33.983709", "processing_rate": 0.019331470037551098}