{"chunk_idx": 100, "last_chunk_idx": 100, "chunks_processed": 101, "events_in_chunk": 200065, "total_events_so_far": 7725560, "timestamp": "2025-08-26T03:05:17.723400", "processing_rate": 0.031873114385611606}