{"chunk_idx": 6, "last_chunk_idx": 6, "chunks_processed": 7, "events_in_chunk": 365, "total_events_so_far": 3662, "timestamp": "2025-08-26T02:13:17.125005", "processing_rate": 0.1451785118522731}