{"chunk_idx": 46, "last_chunk_idx": 46, "chunks_processed": 47, "events_in_chunk": 754, "total_events_so_far": 26538, "timestamp": "2025-08-26T02:17:53.974588", "processing_rate": 0.14458598340658158}