{"chunk_idx": 138, "last_chunk_idx": 138, "chunks_processed": 139, "events_in_chunk": 413685, "total_events_so_far": 15909419, "timestamp": "2025-08-26T04:00:27.953421", "processing_rate": 0.021453779322492993}