{"chunk_idx": 20, "last_chunk_idx": 20, "chunks_processed": 21, "events_in_chunk": 562, "total_events_so_far": 12301, "timestamp": "2025-08-26T02:14:52.591289", "processing_rate": 0.14615529616164147}