{"chunk_idx": 99, "last_chunk_idx": 99, "chunks_processed": 100, "events_in_chunk": 254697, "total_events_so_far": 7525495, "timestamp": "2025-08-26T03:02:39.546473", "processing_rate": 0.03321555120772204}