{"chunk_idx": 89, "last_chunk_idx": 89, "chunks_processed": 90, "events_in_chunk": 218701, "total_events_so_far": 5407210, "timestamp": "2025-08-26T02:49:28.678928", "processing_rate": 0.04054473313985825}