{"chunk_idx": 209, "last_chunk_idx": 209, "chunks_processed": 210, "events_in_chunk": 273, "total_events_so_far": 18598265, "timestamp": "2025-08-26T05:16:42.670116", "processing_rate": 0.01899805761274142}