{"chunk_idx": 153, "last_chunk_idx": 153, "chunks_processed": 154, "events_in_chunk": 629, "total_events_so_far": 18569591, "timestamp": "2025-08-26T04:29:04.346236", "processing_rate": 0.018790942590822195}