{"chunk_idx": 12, "last_chunk_idx": 12, "chunks_processed": 13, "events_in_chunk": 654, "total_events_so_far": 7468, "timestamp": "2025-08-26T02:13:57.528207", "processing_rate": 0.14669423184084102}