{"chunk_idx": 84, "last_chunk_idx": 84, "chunks_processed": 85, "events_in_chunk": 232846, "total_events_so_far": 4125906, "timestamp": "2025-08-26T02:42:42.184152", "processing_rate": 0.04687649094352267}