{"chunk_idx": 71, "last_chunk_idx": 71, "chunks_processed": 72, "events_in_chunk": 275607, "total_events_so_far": 1184493, "timestamp": "2025-08-26T02:26:00.855699", "processing_rate": 0.08867571629129141}