{"chunk_idx": 115, "last_chunk_idx": 115, "chunks_processed": 116, "events_in_chunk": 284357, "total_events_so_far": 10930809, "timestamp": "2025-08-26T03:25:31.587911", "processing_rate": 0.026467826886928017}