{"chunk_idx": 140, "last_chunk_idx": 140, "chunks_processed": 141, "events_in_chunk": 358640, "total_events_so_far": 16389258, "timestamp": "2025-08-26T04:07:46.933793", "processing_rate": 0.020381538609941834}