{"chunk_idx": 95, "last_chunk_idx": 95, "chunks_processed": 96, "events_in_chunk": 261876, "total_events_so_far": 6569425, "timestamp": "2025-08-26T02:57:36.310016", "processing_rate": 0.03545835340229224}