{"chunk_idx": 157, "last_chunk_idx": 157, "chunks_processed": 158, "events_in_chunk": 535, "total_events_so_far": 18572113, "timestamp": "2025-08-26T04:30:31.987129", "processing_rate": 0.019075033225644397}