{"chunk_idx": 7, "last_chunk_idx": 7, "chunks_processed": 8, "events_in_chunk": 508, "total_events_so_far": 4170, "timestamp": "2025-08-26T02:13:23.508374", "processing_rate": 0.14652049034991768}