{"chunk_idx": 38, "last_chunk_idx": 38, "chunks_processed": 39, "events_in_chunk": 454, "total_events_so_far": 22406, "timestamp": "2025-08-26T02:16:58.301564", "processing_rate": 0.14476987436959993}