{"chunk_idx": 152, "last_chunk_idx": 152, "chunks_processed": 153, "events_in_chunk": 424, "total_events_so_far": 18568962, "timestamp": "2025-08-26T04:28:42.788685", "processing_rate": 0.018718160351602703}