{"chunk_idx": 114, "last_chunk_idx": 114, "chunks_processed": 115, "events_in_chunk": 141459, "total_events_so_far": 10646452, "timestamp": "2025-08-26T03:24:09.863330", "processing_rate": 0.02673824869441031}