{"chunk_idx": 198, "last_chunk_idx": 198, "chunks_processed": 199, "events_in_chunk": 421, "total_events_so_far": 18593286, "timestamp": "2025-08-26T05:02:57.117937", "processing_rate": 0.019455995792407945}