{"chunk_idx": 162, "last_chunk_idx": 162, "chunks_processed": 163, "events_in_chunk": 402, "total_events_so_far": 18574579, "timestamp": "2025-08-26T04:36:46.151865", "processing_rate": 0.01882816421808843}