{"chunk_idx": 181, "last_chunk_idx": 181, "chunks_processed": 182, "events_in_chunk": 463, "total_events_so_far": 18584335, "timestamp": "2025-08-26T04:52:20.044207", "processing_rate": 0.0189758549516209}