{"chunk_idx": 127, "last_chunk_idx": 127, "chunks_processed": 128, "events_in_chunk": 255763, "total_events_so_far": 13437444, "timestamp": "2025-08-26T03:42:49.711073", "processing_rate": 0.023612739654917888}