{"chunk_idx": 174, "last_chunk_idx": 174, "chunks_processed": 175, "events_in_chunk": 624, "total_events_so_far": 18580653, "timestamp": "2025-08-26T04:45:34.945957", "processing_rate": 0.019050651691499214}