{"chunk_idx": 62, "last_chunk_idx": 62, "chunks_processed": 63, "events_in_chunk": 599, "total_events_so_far": 34462, "timestamp": "2025-08-26T02:19:46.708741", "processing_rate": 0.14390124653366776}