{"chunk_idx": 197, "last_chunk_idx": 197, "chunks_processed": 198, "events_in_chunk": 404, "total_events_so_far": 18592865, "timestamp": "2025-08-26T05:02:35.575895", "processing_rate": 0.019399084174589656}