{"chunk_idx": 212, "last_chunk_idx": 212, "chunks_processed": 213, "events_in_chunk": 749, "total_events_so_far": 18599936, "timestamp": "2025-08-26T05:22:55.974810", "processing_rate": 0.018639954839058635}