{"chunk_idx": 155, "last_chunk_idx": 155, "chunks_processed": 156, "events_in_chunk": 542, "total_events_so_far": 18571036, "timestamp": "2025-08-26T04:29:48.381022", "processing_rate": 0.018933250836828883}