{"chunk_idx": 101, "last_chunk_idx": 101, "chunks_processed": 102, "events_in_chunk": 227592, "total_events_so_far": 7953152, "timestamp": "2025-08-26T03:06:29.675130", "processing_rate": 0.03147403419076668}