{"chunk_idx": 120, "last_chunk_idx": 120, "chunks_processed": 121, "events_in_chunk": 272899, "total_events_so_far": 12074632, "timestamp": "2025-08-26T03:34:24.261887", "processing_rate": 0.024616744788661004}