{"chunk_idx": 180, "last_chunk_idx": 180, "chunks_processed": 181, "events_in_chunk": 692, "total_events_so_far": 18583872, "timestamp": "2025-08-26T04:51:58.673645", "processing_rate": 0.018913734788439142}