{"chunk_idx": 156, "last_chunk_idx": 156, "chunks_processed": 157, "events_in_chunk": 542, "total_events_so_far": 18571578, "timestamp": "2025-08-26T04:30:10.160074", "processing_rate": 0.0190043843003052}