{"chunk_idx": 208, "last_chunk_idx": 208, "chunks_processed": 209, "events_in_chunk": 644, "total_events_so_far": 18597992, "timestamp": "2025-08-26T05:14:42.368558", "processing_rate": 0.01911563209183326}